{
  "categories": {
    "🍔 Panini": {
      "Krabby Patty": {
        "price": 50,
        "description": "Il nostro famoso hamburger! La ricetta segreta di Mr. Krabs!"
      },
      "Double Krabby Patty": {
        "price": 80,
        "description": "Doppia bontà! Due succulent hamburer in un solo panino!"
      },
      "Krabby Deluxe": {
        "price": 100,
        "description": "La versione deluxe del nostro bestseller con ingredienti premium!"
      },
      "Pretty Patty": {
        "price": 75,
        "description": "Colorato e delizioso! Il panino arcobaleno di SpongeBob!"
      }
    },
    "🥤 Bevande": {
      "Kelp Shake": {
        "price": 25,
        "description": "Frullato di kelp fresco dal giardino di Sandy!"
      },
      "Barnacle Rings": {
        "price": 20,
        "description": "Anelli di cirripede frizzanti e rinfrescanti!"
      },
      "Acqua di mare": {
        "price": 10,
        "description": "Rinfrescante acqua locale di Bikini Bottom!"
      },
      "Bubble Tea": {
        "price": 30,
        "description": "Tè con bolle, perfetto per soffiare bolle dopo!"
      }
    },
    "🍟 Extra": {
      "Patatine al kelp": {
        "price": 15,
        "description": "Croccanti patatine fritte nell'olio di balena (fake)!"
      },
      "Salsa segreta": {
        "price": 5,
        "description": "La nostra salsa misteriosa... nessuno conosce la ricetta!"
      },
      "Pickles": {
        "price": 8,
        "description": "Cetriolini croccanti di mare, come piacciono a SpongeBob!"
      },
      "Gary's Treats": {
        "price": 12,
        "description": "Biscotti speciali per lumache di mare... ma vanno bene per tutti!"
      }
    },
    "Box": {
      "Test": {
        "price": 79,
        "description": "Abcde"
      }
    }
  }
}